{
  "IcoMoonType": "selection",
  "icons": [
    {
      "icon": {
        "paths": [
          "M1024 608l-192-192v-288h-128v160l-192-192-512 512v32h128v320h320v-192h128v192h320v-320h128z"
        ],
        "isMulticolor": false,
        "isMulticolor2": false,
        "tags": [
          "home3"
        ],
        "defaultCode": 59648,
        "grid": 0
      },
      "properties": {
        "id": 1,
        "order": 2,
        "ligatures": "",
        "prevSize": 32,
        "code": 59648,
        "name": "home3"
      },
      "setIdx": 0,
      "setId": 7,
      "iconIdx": 0
    },
    {
      "icon": {
        "paths": [
          "M960 0h64v736c0 88.366-100.29 160-224 160s-224-71.634-224-160c0-88.368 100.29-160 224-160 62.684 0 119.342 18.4 160 48.040v-368.040l-512 113.778v494.222c0 88.366-100.288 160-224 160s-224-71.634-224-160c0-88.368 100.288-160 224-160 62.684 0 119.342 18.4 160 48.040v-624.040l576-128z"
        ],
        "isMulticolor": false,
        "isMulticolor2": false,
        "tags": [
          "music"
        ],
        "defaultCode": 59649,
        "grid": 0
      },
      "properties": {
        "id": 2,
        "order": 3,
        "ligatures": "",
        "prevSize": 32,
        "code": 59649,
        "name": "music"
      },
      "setIdx": 0,
      "setId": 7,
      "iconIdx": 1
    },
    {
      "icon": {
        "paths": [
          "M964.73 178.804c-93.902-109.45-233.21-178.804-388.73-178.804-282.77 0-512 229.23-512 512s229.23 512 512 512c155.52 0 294.828-69.356 388.728-178.804l-324.728-333.196 324.73-333.196zM704 120.602c39.432 0 71.398 31.964 71.398 71.398 0 39.432-31.966 71.398-71.398 71.398s-71.398-31.966-71.398-71.398c0-39.432 31.966-71.398 71.398-71.398z"
        ],
        "isMulticolor": false,
        "isMulticolor2": false,
        "tags": [
          "pacman"
        ],
        "defaultCode": 59650,
        "grid": 0
      },
      "properties": {
        "id": 3,
        "order": 4,
        "ligatures": "",
        "prevSize": 32,
        "code": 57600,
        "name": "pacman"
      },
      "setIdx": 0,
      "setId": 7,
      "iconIdx": 2
    },
    {
      "icon": {
        "paths": [
          "M786.832 392.772c-59.032 0-112.086 24.596-149.852 64.694-15.996 16.984-43.762 37.112-73.8 54.81 14.11-53.868 58.676-121.7 89.628-151.456 39.64-38.17 63.984-91.83 63.984-151.5 0.006-114.894-91.476-208.096-204.788-209.32-113.32 1.222-204.796 94.426-204.796 209.318 0 59.672 24.344 113.33 63.986 151.5 30.954 29.756 75.52 97.588 89.628 151.456-30.042-17.7-57.806-37.826-73.8-54.81-37.768-40.098-90.82-64.694-149.85-64.694-114.386 0-207.080 93.664-207.080 209.328 0 115.638 92.692 209.338 207.080 209.338 59.042 0 112.082-25.356 149.85-65.452 16.804-17.872 46.444-40.138 78.292-58.632-3.002 147.692-73.532 256.168-145.318 298.906v37.742h384.014v-37.74c-71.792-42.736-142.32-151.216-145.32-298.906 31.852 18.494 61.488 40.768 78.292 58.632 37.766 40.094 90.808 65.452 149.852 65.452 114.386 0 207.078-93.7 207.078-209.338-0.002-115.664-92.692-209.328-207.080-209.328z"
        ],
        "isMulticolor": false,
        "isMulticolor2": false,
        "tags": [
          "clubs"
        ],
        "defaultCode": 59651,
        "grid": 0
      },
      "properties": {
        "id": 4,
        "order": 5,
        "ligatures": "",
        "prevSize": 32,
        "code": 59651,
        "name": "clubs"
      },
      "setIdx": 0,
      "setId": 7,
      "iconIdx": 3
    },
    {
      "icon": {
        "paths": [
          "M1024 960v-64h-64v-384h64v-64h-192v64h64v384h-192v-384h64v-64h-192v64h64v384h-192v-384h64v-64h-192v64h64v384h-192v-384h64v-64h-192v64h64v384h-64v64h-64v64h1088v-64h-64zM512 0h64l512 320v64h-1088v-64l512-320z"
        ],
        "width": 1088,
        "isMulticolor": false,
        "isMulticolor2": false,
        "tags": [
          "library"
        ],
        "defaultCode": 59652,
        "grid": 0
      },
      "properties": {
        "id": 5,
        "order": 6,
        "ligatures": "",
        "prevSize": 32,
        "code": 59652,
        "name": "library"
      },
      "setIdx": 0,
      "setId": 7,
      "iconIdx": 4
    },
    {
      "icon": {
        "paths": [
          "M1232 0h-384c-26.4 0-63.274 15.274-81.942 33.942l-476.116 476.116c-18.668 18.668-18.668 49.214 0 67.882l412.118 412.118c18.668 18.668 49.214 18.668 67.882 0l476.118-476.118c18.666-18.666 33.94-55.54 33.94-81.94v-384c0-26.4-21.6-48-48-48zM992 384c-53.020 0-96-42.98-96-96s42.98-96 96-96 96 42.98 96 96-42.98 96-96 96zM128 544l544-544h-80c-26.4 0-63.274 15.274-81.942 33.942l-476.116 476.116c-18.668 18.668-18.668 49.214 0 67.882l412.118 412.118c18.668 18.668 49.214 18.668 67.882 0l30.058-30.058-416-416z"
        ],
        "width": 1280,
        "isMulticolor": false,
        "isMulticolor2": false,
        "tags": [
          "price-tags"
        ],
        "defaultCode": 59653,
        "grid": 0
      },
      "properties": {
        "id": 6,
        "order": 7,
        "ligatures": "",
        "prevSize": 32,
        "code": 59653,
        "name": "price-tags"
      },
      "setIdx": 0,
      "setId": 7,
      "iconIdx": 5
    }
  ],
  "height": 1024,
  "metadata": {
    "name": "icomoon"
  },
  "preferences": {
    "showGlyphs": true,
    "showQuickUse": true,
    "showQuickUse2": true,
    "showSVGs": true,
    "fontPref": {
      "prefix": "icon-",
      "metadata": {
        "fontFamily": "icomoon"
      },
      "metrics": {
        "emSize": 1024,
        "baseline": 6.25,
        "whitespace": 50
      },
      "embed": false
    },
    "imagePref": {
      "prefix": "icon-",
      "png": true,
      "useClassSelector": true,
      "color": 0,
      "bgColor": 16777215,
      "classSelector": ".icon"
    },
    "historySize": 50,
    "showCodes": true,
    "gridSize": 16
  }
}